jan,asset_url
45116568,/_blob/3a3824cfca2fc2e865ee243c3ff7cb15
45189630,/_blob/a7c5a48a58ecfe38e375516d803b853f
45225307,/_blob/357f4ec199afbc0cba286a9fbb1ad2fb
4530017000015,/_blob/39310de08df5542681dcc4c0746d7bfe
4562355175391,/_blob/4ca112b686374c89574011ccf3522165
4562452232416,/_blob/285fddeaf55574dfc85281c5f2493b18
4582409170035,/_blob/c8953a35cacfc7388ee14e54279fef37
4901001052356,/_blob/30e15281885cc1362321cd0f67eaa67c
4901001052387,/_blob/acd9b269b3e2b752195956469528ac0e
4901001052424,/_blob/5ec4abf7c050e8928dc8378d299b0556
4901001644346,/_blob/712b12f8f85756530503532aa16bf304
4901001752188,/_blob/7bfaa0d50a35fe5d575c81dfabb16ef5
4901001864881,/_blob/6a8f2b430cb92a381ab5b850adde584f
4901001925940,/_blob/586f2d3ef015313bc0b4a29ad5448ec1
4901001941735,/_blob/c975ae67339ae45c8194bb10a700df33
4901001973361,/_blob/83e2041dd9f4b43b66754e33392412e8
4901071229764,/_blob/119e5a5714f5ba9f88554936738da756
4901071229788,/_blob/3d1c9671c4d86c55284d963f666bcbb4
4901071237479,/_blob/ea2ac123552c3fa8d259df75f8f18384
4901071245399,/_blob/8d59a49f887305d6c692a73f50784568
4901071245405,/_blob/76ec3763c6d5ef6817c4d961340ba38a
4901071405168,/_blob/93d29052e8307cd0ee0514bc4ac9f1af
4901734051268,/_blob/8b7ab4b073dfc5d2e9577297a64a6ce1
4901990372657,/_blob/7cf151b558ee8f9bc577c4e94fa06b3f
4902881458450,/_blob/f2f00581c771b4ac69f0198377763b43
4902885000686,/_blob/f150c3023488f371dad18710575e0ecf
4973877000861,/_blob/23c1fb4ad93e1bfe998f5e94b733f73f
4987306055803,/_blob/212f8392e10aa99d8f31c3c77d6a8191
4514603263213,/_blob/7a1f2a787b8426f1564773acc2c58304
4514603274011,/_blob/ba4d7fffeb3ad9fe92c3c51fb93a893c
4514603325812,/_blob/bfa42d2358dd9d03dfb8a54154214607
4514603327212,/_blob/1a6fef114b12871503c90ab57afddfd8
4514603347418,/_blob/64921675dec93ba39f5a3dbd19c53171
4514603448610,/_blob/a4a763841b7118b1fa66de4510ea2a45
4514603462012,/_blob/6e714bdbe0f576e1f50f962b6385ad19
4514603470710,/_blob/e3c09e1abf240a971d747300326ce1f7
4514603470819,/_blob/a5d31603aa415a44f170c2313bdf9716
4530503700016,/_blob/1a58ce5c19fa0af563d0bf5e61fb8e78
4530503875080,/_blob/0d6b7ee31f8f87cc6f33c4ea31491c8d
4582409175191,/_blob/012460a65df1f073ae9bdb2f1196f432
4589850829062,/_blob/1983c35c68bb57e31f467b50a62445cf
4901005003613,/_blob/154d1bb308d0b8646d3e2e712a3ee66b
4901005003651,/_blob/71a09953914b4c680e763131537335aa
4901005003705,/_blob/0f550c855492e14811d9019023eb2913
4901085002605,/_blob/dd010b7dad50429e29cf6b48c5a0f631
4901085003800,/_blob/2323954d8b309ab3e244154e3e8b1ac1
4901085046449,/_blob/ed0d76a2ad334186211f9d78fa17195e
4901085161982,/_blob/7690be7f94a7a8e4e243fdeccca71479
4901085179611,/_blob/3cf03a258945b5e8e3e2ee588c1ec688
4901085191927,/_blob/38828360b62d7b5bac9b8b53bf863d41
4901085192771,/_blob/e934cff389992d03c9b5c148497dba01
4901085193839,/_blob/2b0404d08a0b27719cfa33c3215cf41f
4901085613580,/_blob/27752dcc14dd758544a3b213ddc7d6ab
4901085634585,/_blob/36f23b2105375f7ceed9135d45ed3c07
4901330578909,/_blob/46f2f373aea91ed83e5234564208f2ee
4902102130356,/_blob/005a18d8835a05ab4176424c1618e88c
4902102133975,/_blob/7566a29315d681a1a153b5c6fdc682c6
4902102148597,/_blob/e21f3265a2df3fcaefb02c312cd69dd9
4902102153249,/_blob/8c84752fa1449c7adc15f23a48ed1b0f
4902102157247,/_blob/c2b950b169bd8c186bba639e73027472
4902720151009,/_blob/77bb41243e47de69adef9640801bd0b7
4902777026107,/_blob/c3942186e997f0e03981a34ed1c4bd75
4902777026329,/_blob/d109b11c4c59a48cadb6601c6c0bdef1
4902777090337,/_blob/9238d0ef443ce9bf96865096fb40f1d5
4902888711114,/_blob/cd3fb67bcfdfdd41f1634c866eb7c65b
4901777301641,/_blob/65aee5a2908f671e4192b5bea8422a4a
4001686396476,/_blob/ee340157e3f10c38fb8d9334cb0ccade
45019517,/_blob/a6ea159555f956df9b0c165657395735
45141157,/_blob/dad34ae0cccbe9989e6fd9dc8f23a67f
4514410176522,/_blob/71e3c585037020a5f61a2323cbeb1398
4514410176546,/_blob/9d7e564e31c5e11aad0416c70ae3393e
4514410179509,/_blob/89b9635a0f782d35dbe08666abbf44ad
4514410179516,/_blob/1320bd43bc3113385e27303aa8d323e9
45148569,/_blob/8e1f980e2502469e3bbc9be812b8970b
45148576,/_blob/7b51856175197f7e45f8f8cf94def1c8
45173639,/_blob/0790871e8557de077ff0e5453ffd7607
45173646,/_blob/752e0c1edb2a844f704833fd216ed4a4
45174278,/_blob/2d8f7448258e09ce6592956018436e4e
45205361,/_blob/87c064c5f844a3ba14cd46fbf0a5ccaa
45217418,/_blob/1d1b3fa62468cfcad66e17ea2ec1034d
45217760,/_blob/e84958ed784f8f5b0e8acb5beb5fe193
45217869,/_blob/1cfd043f5d0d6e90a35b2d8b5ba081cd
4530503024525,/_blob/190a0cee893788faf24b3d7ca7e8f03b
4530503181143,/_blob/66d89de63c972f3b188b49ff7353b208
4531717310114,/_blob/25f6888de169771e8a06ae7f988bcd50
4531717310121,/_blob/cf735c26e39bc5ef4aa0d71385cd6c05
4531717310329,/_blob/f850bac85ed0e59281680e1f71066b52
4531717310336,/_blob/4109272eb24034a649acd4ccc004cefe
4531717310398,/_blob/f210e2e7d25ea007cacb7e2e6bda8e6a
4540155755043,/_blob/e75b9c180d72735fdbc8f77ddc2280b2
4540155755074,/_blob/479cc4024de3c9e416165b941424abc7
4540155755081,/_blob/11845e316e36d990b4e053b1fc064918
4547894417249,/_blob/b97e85b3948f7e2e84d9a28cd6d9c5fa
4547894417256,/_blob/b23c63770faed5cf0e62eb0760dfb6b0
4547894660041,/_blob/a7c652a8fa4a3dfbe83b7a4865af1fb4
4560218312372,/_blob/e436887932eb20944454e8f365e82e01
4560218312396,/_blob/c3aaa79e88e25daf1c5370beaf3d634b
4560218312402,/_blob/2ad18ae8cad93c1c7af497e3c88eac2d
4560292290016,/_blob/9111ff610f3d2e4cbcfce0aed5069328
4560292290375,/_blob/efb419b2327cd7e2caa595b88f46736a
4562452231846,/_blob/f1bff9168bd65d843d3a2f10c104cdb6
4573399342281,/_blob/b3d4863c14ab2aa935b2ded356f8cf6b
45989377,/_blob/941f279f6a378cc1e627529c923eafb7
45989575,/_blob/6cbfc3471af7ad94e2e460cbde23b404
4897036690017,/_blob/1a33ed898f092be2976ff5481293fb39
4897036690055,/_blob/31aa69d9e2b63619b2aaf90a249af0d9
4901001052400,/_blob/fb1e9ae233bd268176210437fbc67440
4901005003903,/_blob/0d46e62b8c849c521dc771fb695e9887
4901005004238,/_blob/4ecf4bef9f40b4ebb0c9c14df000bb69
4901005004535,/_blob/5383f3fd35f00667987e655f3a5227ea
4901005004597,/_blob/4c0adef94f55ec92199ae964d894790f
4901005004719,/_blob/23ea74fb034057c01b42427b725f7af8
4901005004726,/_blob/b549953a1d72e3e567e776aeb5ea01a0
4901005005150,/_blob/cbb4eabcca9da70dda21936bdbf50413
4901005005174,/_blob/6d6da0972c354d2c8a77a8cdcfc13ebe
4901005005228,/_blob/3b970354ebcea484f5bec987ad804d56
4901005005259,/_blob/35dd641d99beb2978701836df1e6d373
4901005007710,/_blob/1ec3dde6e0c56d23a4831a8c4b7d7c79
4901005009134,/_blob/242becc2c53c2454b401a83313537554
4901005009158,/_blob/5c2cee6871d39abe8270ce722a4829d0
4901005105638,/_blob/224584945073c4b411c62c7b52d2dd19
4901005109797,/_blob/cdd26c42b112e8f4e1fa24a2ce1133ca
4901005109803,/_blob/dbb801edcc601cc980ee432965ec06e3
4901005231825,/_blob/385627376d8879de93531d9d18f36b86
4901005312005,/_blob/ed06dab6b51d27d059bbbc4a5dbfa41c
4901005512429,/_blob/ac4731a342332d95563f6f0181c39599
4901005512436,/_blob/86f579dafd67f9551f0e409eff977ce2
4901005521308,/_blob/38086bc65e7b9674a8eeb497bbe7549c
4901005521322,/_blob/08615984a8621dda7a94973edfc24a8c
4901005584112,/_blob/4d18e4cfb563567695c15e98d3cd1220
4901005584242,/_blob/a980448b3c9180ba1544744caf2d2ee7
4901033630126,/_blob/a2851eddce0f49a62bec9e4abd314e31
4901033630973,/_blob/5338c55d376cba1bdeb4ff6a294321de
4901035115133,/_blob/16c403e959a07996e89a2e8710d680c9
4901035221285,/_blob/e4513fe3888eb0b106482e7e2ed1dbba
4901035511515,/_blob/37b4e5c44a9147085bbcaf5852f71163
4901050134300,/_blob/c24bc505762a90ba68e1a1574a086c34
4901071235741,/_blob/fb8a48bd58f1c26d96203d8cfaa0785e
4901071245504,/_blob/ca78372df20d71f827fd274b577bc594
4901071268374,/_blob/ab7894ab9cb2fcbe86ebd19d37b3f072
4901071268503,/_blob/64c140c3111b5c32f3f700a5830d7a61
4901071276942,/_blob/d19a550f570ef1ef3af7e4f7b0659631
4901071277505,/_blob/79b0ae6393c605bf0623667617313b8e
4901071408183,/_blob/122620aa9a77ffde3d67b08a6f447136
4901071409234,/_blob/ae01a957de4407ca2b518051fd88ecef
4901071409579,/_blob/695a5e2853da2358ecaf843ce0ea5802
4901085097007,/_blob/5f320569b47a961503a1f33fe5e71775
4901085195499,/_blob/794bab9e7137a917869e935856a7a742
4901085613054,/_blob/1ed0ca939c39e3176a79bef48b9a4a65
4901085615393,/_blob/63af4f3b8977b8069f33247cb6e8b7af
4901085620106,/_blob/4c677c728033b91c06e08d5ef2faa1eb
4901085622490,/_blob/cc46fb7d3e5d960d8e83236cd96a9a95
4901085624432,/_blob/ced27d304016dc22e81efb575495afe8
4901085626542,/_blob/79fcbd9f57a381faa887c3e5ca36f805
4901085629734,/_blob/bf0cf6385f8588d29dea8b267cad7210
4901085632468,/_blob/ec40ae579124b5cdaf13369e531a30d0
4901085632482,/_blob/fcffa00bb08f29a366ee0fe3a83c2741
4901085632505,/_blob/1a99a8a0765f932c0e8f3b8da2e59e0b
4901085634646,/_blob/04d2d7a1db8b564d670b331e24ffcce0
4901085644607,/_blob/ef98b4da4eea29af13203d7cf857364a
4901085647103,/_blob/c65cf81ec4e6ec37bfe58b9db8c0720e
4901085653463,/_blob/ce6d2077970f07d27808596fcdff01ed
4901085660751,/_blob/fda9e67ac0df9031c8dc9b4a1b5f6aff
4901085661611,/_blob/f23eb7b0df1765588a2394c02e911fe6
4901111456846,/_blob/86ebc880ccccfb2817074fbf72d1b1ed
4901111537743,/_blob/38791fd2d5f883626170d8bfcf57fb67
4901111586628,/_blob/1cf6b7494e18b15d311a0eac027df897
4901111686045,/_blob/7d1e5fef35fd855f2a824277ea6925b2
4901111774575,/_blob/15ef4160a4ce5d6bb6e4959f334e7fa1
4901111797307,/_blob/08ff19adb1b750f270456cb0171d8bb6
4901111910973,/_blob/cc0a103f1702ec7c104e217812a8606b
4901111959798,/_blob/fd8d8e51aec65c2dc62c4f3e8f7e9cd6
4901121269085,/_blob/017b4e5cf6a5a35d1c4b9bc4d440a346
4901150100533,/_blob/24e42afd9b67cc2bef918852f22997bc
4901150110037,/_blob/bca507344d02dc09bed942e03d426fad
4901150110099,/_blob/dd3f15d648b18e4801d12096b23b66d1
4901150110112,/_blob/87d0a4942bcfd56dff95008724f33c48
4901150110211,/_blob/6389491f270b085ce4b531e0d3d0305a
4901150112062,/_blob/9383302ecd58948dc21029c7c55486f4
4901150112161,/_blob/3ed5dcd6dc457b829f83cc992bc7bd60
4901150137317,/_blob/6bd1539fb0631e0bcd82f64acfa48d74
4901160030097,/_blob/9a75b878b6e647a7ec89c2df7dee2f0b
4901170002619,/_blob/05f6fac59f0cd5357681cfcb763d12e6
4901170020811,/_blob/8870d5541373b20080385afd379a9d0f
4901170020989,/_blob/083956d7082c5ff996e2cf9aa20f9d68
4901191200667,/_blob/97660c70c60a36bcfef1eb2d1d65949b
4901201116575,/_blob/cd13a192c5ccf30ecb39625cd23e8613
4901201157547,/_blob/99524c0909723fed9e69974d495461ac
4901301008473,/_blob/4d79c31c4676de51f50f44d6e745db91
4901301286697,/_blob/d130c3411b0a1fbfc5b96e8a1d331946
4901301333025,/_blob/acf03411365169d6bec5269cbf92ea4d
4901301339270,/_blob/95c44efc838846ce169f4c93603ee12d
4901301386182,/_blob/416a3c4577c9a033be44efa52096fbd9
4901301415981,/_blob/8c806cfa9921845e180e27b44f5cab6a
4901301422378,/_blob/4ff1b284828b78c7e22a95baec9e30ab
4901301507365,/_blob/98a0ddd10c440c70cb019fb9854265e6
4901301508638,/_blob/c3cae33dfd61109380558055c6eab1c4
4901301510082,/_blob/d57a6142f418c80eb847051754ffd030
4901301510099,/_blob/12b24bc7bab184bd675c74f1f93c7897
4901306013427,/_blob/47b081ccb68b6fe2397faff81cefbfb3
4901306024041,/_blob/6b2fe1a918f7bd7096cab73a530d649a
4901306044063,/_blob/185e7ceb7864de1cd8c84732abfaf3e0
4901306047262,/_blob/cc01065c30fb645d0b7a79ba82643b73
4901306047569,/_blob/9d6bffab4374043c82c3f04d04b05be1
4901306072011,/_blob/fd272a9c9d25a62cb0f56e68a1b20e78
4901306072028,/_blob/3d12f536143ff127370d91225f8528fc
4901306302392,/_blob/9c339701c3a6e194281a163887e619f3
4901306302514,/_blob/f8976772731b8503465171ae556fd62a
4901306302552,/_blob/231d5eb767d53ceaf33c5e456145f94b
4901306302590,/_blob/735bf49a5aea9be7c2d1d1d502ebb970
4901313207208,/_blob/b487b6a2a18f4ea79441bd73e55b268b
4901313207604,/_blob/2f5a2e0dbfb573521a40a09995964456
4901313215555,/_blob/ab32de105ddc32af33fbc703ac4c380f
4901313215814,/_blob/d8d6997dcb00273df98d33976fb5a03f
4901313215821,/_blob/6261cfc779e6f8c54242ebe0031e330b
4901313251072,/_blob/ab48eb717bb516414999981595c43927
4901313931271,/_blob/927ab1bcd45e50523661059c80f18dfd
4901313938966,/_blob/da6bbe168ca1efb646e3759070094d1a
4901325401175,/_blob/bd88f0de456a86d541ff20a67035f93f
4901325401274,/_blob/cabf6c870ccab82e7fce9116b3007d0a
4901325402608,/_blob/d34f3215827d380bde616b14b0cb4a65
4901325403070,/_blob/6e73460a69bf7bf4bd4f49a9c65cab1e
4901325403896,/_blob/1ae6a0e336975daa64ae355805d5fbbb
4901325404305,/_blob/9fa5a2bb0423517dc3f5950a306afb40
4901325404329,/_blob/6afa97a0e1b6229545f5638678e1abbe
4901326014855,/_blob/b20aae3b20842327c100bba9676e9a53
4901326037311,/_blob/47f8fc9a107b236c8de0b8d143108cb1
4901326130548,/_blob/968ac964de353d5ac81c32917fb30fd0
4901326130555,/_blob/cb4a44528d7e4fd56a593f58f3bd88b3
4901330504779,/_blob/5b5016cbfaffb2f917d438176a158672
4901330513764,/_blob/5569c31527b1c36fc51a71e501c8429e
4901330524159,/_blob/41215b70fff3f7c0544769a31b859403
4901330578916,/_blob/786fc84254deeba881456e95ead831c3
4901330578923,/_blob/33b1a27321e68be23459199557823c20
4901330647322,/_blob/6dda9e39acd7f20ceaa2161a41ef4b1e
4901330648763,/_blob/ebd48b943aa6cce666a3768f311c2edb
4901330803544,/_blob/bf21426694ab29d0b9023109d6e3aa46
4901330918101,/_blob/f6df4f2cb8e3db31dd65eff7cefc6f89
4901335137484,/_blob/7b615632a5ec8e930a44079dfd7178e0
4901335137958,/_blob/cb3b98488c5dcb75221fbd8cc51820c8
4901335141337,/_blob/fee19f235566e20d9c17c8fe7cc2fb3a
4901335141368,/_blob/d51746fef52bc4298167787903dc213c
4901336109541,/_blob/8c229e5f978a86a911c3f13598e57d33
4901336222530,/_blob/39cc01c417f15922c4b9aee103557b88
4901340010543,/_blob/dc0dde81a1734a6679091b39170609e0
4901340097940,/_blob/96caca9d10b74d3890c3f4c0a4188a8f
4901340098046,/_blob/c1f7c0bc49da0c4928bb0dd5c2cb197a
4901340689213,/_blob/a5589eccc87369e25491edb36ac021ca
4901351001691,/_blob/f7fe5d9845af53bbc295995bc7c26043
4901351001721,/_blob/448a603e5e4133409180747af1f0fd15
4901351001769,/_blob/23e6f4d322e030270b126a1964ef5a26
4901351001776,/_blob/93bdaade755ba2ff39f621bb886d3249
4901351002414,/_blob/acfe787aa7e8a0b8f1d4c427173011bf
4901351002438,/_blob/c148a21593dc606cb20468cd0f4039fe
4901351002858,/_blob/a743bf5ccd296a6c7ed5a1c394a8167e
4901351008645,/_blob/6d562b215ef43b4450feec20a2e990ab
4901351008652,/_blob/7ab6c3166cdb300dcf31ca98b8b3c101
4901351012550,/_blob/f77235608f75e9d6e4470eecac28930e
4901351022238,/_blob/434f733f86bf85622e83501748d5665c
4901351025420,/_blob/0150626f6ca9326542ca8f59f351a81b
4901351033623,/_blob/232cb046fab93e15a22ff7ad54f9bc57
4901351033654,/_blob/127bb5db7026acf61b22f527f5533340
4901351036723,/_blob/853e83592e97eaaa19348e99a6be86f9
4901351045756,/_blob/4a12a1a37e69f88a85d92acbaf787349
4901351054642,/_blob/7614c2efe22e5b918d00ad90b08d8ee5
4901360351695,/_blob/ea9bfd6e131b163ffdea08904c3f2c19
4901360353415,/_blob/e757c9e0a14f7edb826d4791ec197428
4901360353422,/_blob/a9e9c1818614cc13101e697bcb8eaa47
4901360353439,/_blob/0e02bb48bec0540c9bacf626fdbe7f8c
4901360353514,/_blob/4120d00cf8482b52ac4a8eb53d7ce9ed
4901360353606,/_blob/e4959ecf960408640841079fa237f6dd
4901360353958,/_blob/37c028878d488feea2aa0189201811f3
4901360353996,/_blob/051d5b5dbadb28558f426ef481dc9a68
4901360354177,/_blob/9d8823e23d7ba722df3c70bd5494f547
4901360354184,/_blob/ed8e1df70294849bdc31f8ccc337eea3
4901360358236,/_blob/e4deae1679dc8a799622aee77b7d1be7
4901360358311,/_blob/a99584e3f63e6c929acd9aba0381c87e
4901360358373,/_blob/999bfa7e6baa862344ac20af711239bb
4901360358397,/_blob/ebbedfa5ef1c0e57055e3996e6172682
4901360358755,/_blob/44f0941d98cbfa5f76cee6cc36ee538c
4901360360796,/_blob/930f252675f8c0c12275f7a77d81538a
4901360362387,/_blob/2ebf2e421834c3aa2a8455fa979f39b9
4901360362431,/_blob/d17858ec3b62ed3e298279a2ebf680df
4901360364718,/_blob/13ffab656bde64251acdcdcfdfbc25f5
4901360364749,/_blob/8fd234b7723aa442225a6149b25eee1b
4901360365579,/_blob/01a2df49c41950f63474736af81ee59d
4901360366163,/_blob/49334a19a5aaf1c94c7bf689a5a550d5
4901360366743,/_blob/03e9ca9eefa733dfcf50566f1a38d74a
4901385001155,/_blob/dd9aae57db8bc9bc2319de4567c5d6cc
4901550267393,/_blob/1b85adb59b43e08a29ef8019b8711f97
4901550372707,/_blob/8be3e6977c0701e3afb0acb03e689770
4901551150632,/_blob/0b09f2c76da65266a79a7ff3fcae8b42
4901577073557,/_blob/8cae783a6910e87396ed58f4884a74da
4901577073564,/_blob/f96e8b2949f4416f4f905ba03cdfa37a
4901588107241,/_blob/1e3235898e71069154b0160a7f87ce21
4901588107371,/_blob/882312889b2e25aa7e1ae34c8436cd4c
4901588107395,/_blob/e1824645c52ace5291eae6472dcc415d
4901588130652,/_blob/f9383221c6fb914ec39d78a6f5a452cc
4901588131062,/_blob/c233d3a31b2e7994c615c339eee24e48
4901588131475,/_blob/c884894f93f9d428fc293fcf20ec6456
4901588131697,/_blob/aaf1724eac14c205e845f0d747039066
4901588131833,/_blob/5708327346cd7fbc628767bfc3ab1103
4901588617542,/_blob/f951a712edf7478788802cb8a06391b4
4901625421033,/_blob/de989a37698603545d7e0304e2508104
4901625421781,/_blob/581e11655d544407fef0c1be4a18c86b
4901626055527,/_blob/34794b85a4dd37f20b2508fc1babacb3
4901655440509,/_blob/637b91738965f1ee663826df8e4f5543
4901671200873,/_blob/c333753856e300d8c38fac27e8358cb7
4901671200910,/_blob/87c7c2794d6fb2113acec338dc83b6dd
4901673866817,/_blob/404f2d27b0da7b12131c6027459a1666
4901677193148,/_blob/33764b0c937a00c47c9095d607b8eea1
4901688130606,/_blob/4e3eb7eabc1701eaf4bd5252bd22c60b
4901734059462,/_blob/c2a5caa69233dbf9695d355208ae97b2
4901734060130,/_blob/c479e9962d39e9c6d83367f0b8c4a4d9
4901734061489,/_blob/42bde2319c9de26243409df638ebea68
4901750404659,/_blob/b857f7f3f3b113b753364ca805d10320
4901750484033,/_blob/3f279cd1671012acd8df7b552d985a5b
4901773103034,/_blob/ebf1a40ada1ada91f650fa207943cfe6
4901773103072,/_blob/e3d74a77278c3a1244c584198e936693
4901777001725,/_blob/286e83c53971813b038764ca04a75a7a
4901777230569,/_blob/71624a18018d31ff67edeb9f0c546bef
4901777232310,/_blob/b729d3c53e761b6218a86be595a84f06
4901777235533,/_blob/684b31c0d8c96dc6ec65754b2a0ea4e2
4901777235984,/_blob/27c4707b5076cde476720be94024982e
4901777238022,/_blob/2687900497076b5b380ebaba8807e84e
4901777247680,/_blob/b71e1e199bf1f1b257a28ba01428ad9a
4901777266179,/_blob/f32ba90f97d938669c3933a2ac3e9bf1
4901777271951,/_blob/57b9a37c6d7ac5ff8612496441e058ec
4901777278356,/_blob/e9d705e85b17c271ec7b08be296f8b85
4901777300446,/_blob/97ae00794563559acd2901f10d0528e6
4901777317604,/_blob/6982f213ef8c51670374741017c3c301
4901777375345,/_blob/f72890f11f86e80f40b681ee56df6b92
4901777385894,/_blob/296abb3c685ab7cae082754b43b3d529
4901777391888,/_blob/04efa9c51d761a189f01f85fb0e89d4e
4901777428829,/_blob/c4bccb100eda8ad7d1b37ab24d1b8c75
4901777443921,/_blob/d52188d9250f57f2b354e3a6527abf5f
4901901005285,/_blob/593ef21ef17fdabb36f4d3461faaa161
4901901014676,/_blob/4855a032d4c4b4aa5395628b57675861
4901901014683,/_blob/a3aadf3c9a8b8677f05b69573e608813
4901901014690,/_blob/a7f0381278cc3d7feb634ccf2bc54ab9
4901901127246,/_blob/3aa13469af5f8f87647043396f6e4ab4
4901901356141,/_blob/66898af660ded4e3dc70923c38813096
4901930006741,/_blob/5afcf748872b5712e88c011de250a3e0
4901930009735,/_blob/52ee64c3553a258744d401c501b5f41c
4901930173047,/_blob/e4abc70b6ede674ea14174ca59da6e1a
4901940115822,/_blob/1ed93763d134161a6d303d573484b424
4901940115839,/_blob/6a43d232d7385cab213979e39faf4012
4901940116362,/_blob/1fb3c1230eb9bca83f4cf49fe6742dcb
4901940116980,/_blob/c190a2fe24a2bbbd04c8789e49226d1b
4901990024518,/_blob/1966162ff2c2f6426d8d74fe0d903ff9
4901990024525,/_blob/805016a2a65b278152cb6bda9d89816d
4901990050241,/_blob/1b460101248708416933217952a05104
4901990050425,/_blob/d59bf89fb3f5c8666c7dcba481aee100
4901990052016,/_blob/1638c74670120cb90d8500b3500df828
4901990052412,/_blob/bb20acb65cf90992590e3f3618b1daba
4901990161572,/_blob/2f25b7ed98b0959e594ad47d8bb2696c
4901990383219,/_blob/421f464204bec4ee6760986066b7ce51
4901990383363,/_blob/b23976dc147045a7ffa3f434e58bbe17
4901990383424,/_blob/0e4e6f819a17e32f81deb8a64ec3df22
4901990383462,/_blob/4e0ee464d585a9022e67e6fc363def46
4901990383486,/_blob/281face5442468fbeacda91d65056708
4901990623193,/_blob/ef98304d7701870bfc796b7da5d74e58
4901990623445,/_blob/6b64f58a0c353b4ce5bd84241607aece
4901990623469,/_blob/8350b04ed01ef7043c2819640729fe1c
4902102066990,/_blob/439b98c521f28a2f649ef1b606d6a0b7
4902102069359,/_blob/1072f3358773d1efcd22e0c8d97e7116
4902102072618,/_blob/8d3c8b1642186afe0d641d73da8a4d14
4902102084178,/_blob/4de338fedc98b369f0d540a20e51dff0
4902102084642,/_blob/cd7402be1e39bdae447323faa71a525b
4902102084673,/_blob/760204c7f005547483e101c13e33d233
4902102098960,/_blob/8a8c3c203cac9f76d382e8998c5a877f
4902102099974,/_blob/30a16b00ae381c79dbb7222f9fb8c648
4902102108065,/_blob/1308ce73dc0ecebb73fa841290459b5a
4902102114981,/_blob/276dd27860aac4cbbe2dba713753dfa7
4902102114998,/_blob/770ddfeae06540a67e4f783b3b041581
4902102119443,/_blob/8aeb02e03666ee7fc1507aa8e2a2c12e
4902102123181,/_blob/5670cd6b1511130e016dd2d8c79cb091
4902102140454,/_blob/248268be702ec29a032cc44e25da4900
4902102140669,/_blob/41152ea0e68425aa6cd1ddc98715b07b
4902102141109,/_blob/0fdad1acd8a40a61223c41404fdc2c89
4902102141123,/_blob/6da3808622fe9fedf057add1b8ff0a17
4902102141215,/_blob/6e728cd7b40bbae891b52cc49f8a813e
4902102154826,/_blob/126d5b391ea5ba3a31db7e8b79ecefd7
4902102157421,/_blob/e48f0a09dae39a40d94f1887e6d7fac6
4902102157810,/_blob/cde62d2a6b2746ada107f5331dd6d725
4902102159098,/_blob/bfb13d92f3af84be942f5ffee0d9728c
4902105003374,/_blob/53fb92abf967cbe4512cafb209a93e33
4902105003381,/_blob/cd687079d5997b6923fe0be4449c9063
4902105003398,/_blob/7a37ad29f0e2cc7e52d0a31b99911139
4902105022122,/_blob/5cc54aa48849f127906bb8d9ad3b0d29
4902105033722,/_blob/4285af2e5ab51d2476bd9c9f5192aa4d
4902105033746,/_blob/929a5347e17ecacfc280dade040339ae
4902105065617,/_blob/32da27b18bd894e953e5eb61be90775e
4902105065624,/_blob/429e4aa8d20dbb3449f09dcc7fe85c78
4902105065631,/_blob/c0047da437f54ae5b80d89384c52dafa
4902105065860,/_blob/114c1ed22d3781da78b97d17527d0f60
4902105065877,/_blob/eac9bfafc40e2cc5c19394343ba1a7db
4902105242414,/_blob/9cd2f8b6d3473b174b2b4ed8da645828
4902105242421,/_blob/69fd03b71f7bdbb51bb464c47a7d2e28
4902105242971,/_blob/ec3a69b5dd9fd7ec885847656595935d
4902105284223,/_blob/1b708a27c33c6ec0b6a33f463516aaa5
4902105290842,/_blob/2317ff5954fe2c1a0f123aac0e8352ce
4902105945483,/_blob/5bc70bb7a7f3ddb9d2751cb4a46f7217
4902105946756,/_blob/3963a15a540db414ba710773457e5ca7
4902105949191,/_blob/27b50719dd70e5fee70ff0e53270748b
4902124023063,/_blob/07ec942d0faba2ddc3675390990fb07a
4902124070968,/_blob/0720541616fa906dc877545f56a24f16
4902124071415,/_blob/be8e965a8bf00b99959a149bd1bca17f
4902124071743,/_blob/e6c29a5a6565eb2175efb3d982648ed8
4902124072306,/_blob/c69f4c366abc9d6bab8362d0f7a0251f
4902124072467,/_blob/06f5c40914dc25255b8e6aaceda450f5
4902124072986,/_blob/913a897d64d4cf9345915003dbd20e49
4902124682017,/_blob/ac325f35285e88622ab7061047d72940
4902124682086,/_blob/0aca145d2ab69d06c8a00e815dee473f
4902124682246,/_blob/e27ba813578cd46afa690fa5c428b2a8
4902172101355,/_blob/4769851168de9cd103a52fd82332bfc2
4902181081174,/_blob/55d0cceccccff2de818cc8f3487019d1
4902181097076,/_blob/71bbf610457850285674e64a9944557d
4902181098844,/_blob/48be02f13345f6b68306456bd7643c78
4902181100905,/_blob/033d5c7bf4150a99d2a7c6a24638a346
4902181104231,/_blob/f630bf8ccfdcba597c96e2075884a53d
4902181104323,/_blob/ab6400d2b7c7d9f1a2fb88362e55aee7
4902181104378,/_blob/8ebb13e5e2d15450cc747fa3511f51dc
4902201160629,/_blob/59a35ff3da3fee95d1c852f4849b740b
4902201178334,/_blob/0dc9a85c0a35a04b559baea82908c62c
4902201444521,/_blob/1ab080a0841a580deac83b5bac9cdd16
4902388003207,/_blob/d5a7eb8bf17d3a689142a2d5cc514f7e
4902388025933,/_blob/7e7e2a42d76efdcfff62baa471629897
4902388034195,/_blob/ff28d8524608224469bd2566484e239d
4902388034201,/_blob/70a63855e2f097d1136d491964304caa
4902388200712,/_blob/b95e62a3d0e0bae9c2fdc020532147dd
4902402846469,/_blob/08cbfba57c691f562e33a89bc417a0c8
4902402908853,/_blob/5723aaf77c7be2159ceaf0c763386924
4902471102541,/_blob/fdb5edf1425724e2a76265ba8c009864
4902471102565,/_blob/e666f7c5d16a072676235a711dbc449c
4902471102589,/_blob/72a87a670b34a781b807706f7749a461
4902471103647,/_blob/3f5af787ac48882314bc4bf86230e8ed
4902471103685,/_blob/d2f100cfd0e0c5810a7df3c1c41779db
4902471104095,/_blob/106072ede6643bc88c58a8778deef834
4902471104118,/_blob/33823bcbf8134d167a163de56683feb4
4902471104132,/_blob/e47fb8e177ee9c412b18ffdca4369a11
4902511010690,/_blob/c95102081b508936205d79360389dd10
4902511010706,/_blob/b9c948ae825d8dd36661f0fb7a0d45c7
4902555111407,/_blob/7a6f7c3b9cd48c364fbe565e62a37dbe
4902555268866,/_blob/6e98873be88b6b89c30b4b34c7400742
4902555271200,/_blob/2ed20e4e1955edfcf2a9d7ed09147fb7
4902555272894,/_blob/291cbb7edf6ab4dd7a4a19ee088c7e63
4902555272900,/_blob/3a6a6a08889fd2806a8392f0c9dca0b2
4902555277752,/_blob/5b2ebca439d010f51e1f435e8afc7382
4902555277769,/_blob/0b8acf4efb1e852cfdcaceeab8a45cc9
4902555278490,/_blob/0722cbfac603085eebad21ff77fde087
4902555278506,/_blob/9d9f7da3307d5223ecc15cf08daf5378
4902560001083,/_blob/ad2d932321e9cb424b2a07a6bdf8a0f6
4902585101942,/_blob/3f912783e361e442f7c28379a421bc90
4902621005555,/_blob/c83c8a889157c8c649412b819dd258b1
4902621005562,/_blob/a7fbfe58fc21a13a7b9d0ee24b1eeb8b
4902703032936,/_blob/0f9fe04795c1333ef345dd7131899e11
4902703081248,/_blob/5f7a59941cdc6232e7db0a12d03ce605
4902703081330,/_blob/9251c9ad8d4330c5df7886b8cf6fa0ae
4902703081606,/_blob/f73409edd34f3d6c7e0832f38670d388
4902703081651,/_blob/86d2d3611ee7dcfc4c2059e15de9ef51
4902703081699,/_blob/37c71fc97438cd175c9d001a8a8f35c4
4902703081712,/_blob/61446204372547e6796507ba95e69330
4902705030633,/_blob/fa58b6cbeb4107f84535d0f76b276c6e
4902705030985,/_blob/f2d3f1d1a7a08fabda0064907810bc60
4902705031098,/_blob/525ee231cd5b868292847cac6b9f7dba
4902705049833,/_blob/0d4736f06d3a1f169b75c6811489d964
4902705068087,/_blob/b2bc967b0838ac55c6cf49920cef4793
4902705093935,/_blob/f2d32fcd0dbf5aac0c30db54ef5c43c9
4902705095984,/_blob/197b21a219b81148d4edb98920110e3b
4902705096011,/_blob/9c58a4cb2595cb1b4c60c32d5348b0f9
4902705096028,/_blob/18d5db90d180deb8333337f73aaed89f
4902705098855,/_blob/14f295de9dac3272a9655b68c2000a52
4902705099425,/_blob/234a03abede8c65e6211bc5eee79c4e0
4902720076951,/_blob/c8370c4ff9eaaac253f792c73de4fd71
4902720086271,/_blob/2713337c7f86f04e4968fd77b457c491
4902720086745,/_blob/185f220adaf1328dc9f6aa58f35266ac
4902720115025,/_blob/91b02d2c1d09ae041159b93389851a23
4902720115063,/_blob/2948f263a97b916ee910053d6e6f9146
4902720129435,/_blob/1dfb5e5d467ba8984d753f3920cb7507
4902720130363,/_blob/30042b2ed0b8e871a2c510dc8017c738
4902720136082,/_blob/c11f92bb1909698535ded5c4f61c5a45
4902720141734,/_blob/8af00797532cda787cda1953ab91242c
4902720150972,/_blob/65c20ece8b3feb75a599a06ad96130df
4902720150989,/_blob/7e03e89f8a5ddf4ac2c0a2d5cb6c6673
4902720150996,/_blob/a479a88caa2868252bc3725b9b332fbf
4902720154956,/_blob/046bb180488b282c3a3489d6f73b1e9d
4902720155199,/_blob/099302d4d2569e2ea60647726bc996f1
4902720155212,/_blob/e65f51b6ed3c5272690ba533e831f7d2
4902720166157,/_blob/aede3e2cb697ecf9fed569a2d8193bcb
4902729700062,/_blob/ad93160c37fd5369d07a549b547c2ec6
4902729700192,/_blob/58712e17766b680d6fee0b0e69dd4645
4902729720404,/_blob/36af28c6f46292b4ce3ebe39d9fe858f
4902744037136,/_blob/5d51511979caf84baab0374c5aea9fab
4902744037143,/_blob/6c673af3d1b473aaa6ca24ab7ee53f26
4902750615113,/_blob/326e54a4bb8825ff2dc7e0d4c5df3b5f
4902750905450,/_blob/697af4b600a1922a49982ab1098114e3
4902750905498,/_blob/cffb77c0a212aa6f66a140dd2a9b1998
4902750905535,/_blob/5eb8e36439e87c4a1154cc678061e4a6
4902750910454,/_blob/902857ad44409b01590133c33800ba97
4902750978904,/_blob/9556fd24bc5fc3e9e47b7546bb6515b8
4902765001826,/_blob/587af6beac0c376be6f2d278f613df47
4902777006284,/_blob/47adde99ad15e26c9f1ff16f333c35f2
4902777132129,/_blob/9c50ef2e03d1659e6909a820af34db69
4902777139746,/_blob/dc4800967b4dcf6e21bad38cd1bdee50
4902777204727,/_blob/4d1a1f571e43402ae0757bef99a18692
4902777237022,/_blob/1fe4aa1b5124a0acafe7b23e49ef92b6
4902777237596,/_blob/ca506ed10b56ac8e7a8ed7d095c4717a
4902782010023,/_blob/d2230cff66af087d39e3e03759ce36a2
4902782010085,/_blob/150a5b56553bb096da5242405fc0b44c
4902782013451,/_blob/fce0a0bdcb14fd14e4b061118493a5cd
4902782013468,/_blob/b316aa00f1da582c5eb1618ac5b4bc60
4902782013475,/_blob/f0e153e85a9378ac114ac02ab222dde0
4902782013482,/_blob/79b5436364f35e55b7fa54848c591523
4902788222147,/_blob/5754e233d9379dc2eee0d50554f7e231
4902820106312,/_blob/6804197c33fcc8719cda481fad80da90
4902820108026,/_blob/e9300ea13ff25e05ff71af591a29eb69
4902880010130,/_blob/f0feab076e76371d41e8871654791cfa
4902880010536,/_blob/6a79defa4ec7ac76c8e9fc4a52c050ca
4902880011045,/_blob/c09db4db1fe4475ec82e22a483a1758e
4902880040113,/_blob/039b3a395f41c63bdbb9222878013650
4902880051249,/_blob/4294a49b330ef28fbb19f01851dc40b2
4902881404570,/_blob/33c4379b48f838c43605b671279bfc7c
4902881406093,/_blob/99ccfc05204ece3a6f2e8cd3657f7c9e
4902881409063,/_blob/2be36cc6e34074afb3f8bfad2c6efcf5
4902881409100,/_blob/665e8c235d593bdc29ea31ee73274e9b
4902881431996,/_blob/18abb69b86b2bdb05e293fcad8b8f34c
4902881432474,/_blob/b7b8a9e46c8c678db0494c5040a6150c
4902881433075,/_blob/2e2ab59948282ac4e7217c3319a67067
4902881454575,/_blob/dae48587bd338d3dcd6473b82665c2c6
4902882320176,/_blob/89486c4d9f8c91a95a5f3cccbdd8370c
4902888116209,/_blob/bd33547b69cde07fb671cb0cb6a1c4a9
4902888116322,/_blob/935a3f04f8bd5896c14475945010fb69
4902888178122,/_blob/79db8f5182a220321743faf491e56e87
4902888200939,/_blob/f2168e800e5549b801c6d4a15761c7af
4902888218811,/_blob/7984df2c09bd2ccebeb506528c4fb72a
4902888218828,/_blob/197966e726a551986bc136c4316bcde7
4902888218835,/_blob/e9c6213538488bf7bf0f6606e991f54c
4902888218842,/_blob/cabe098dcf83ff2cf1d8f3889e3e00a8
4902888218859,/_blob/7c3f707d02e07bacc756f6463509affc
4902888219498,/_blob/fbe9ff27f80db121e18c528e3a0343c1
4902888232374,/_blob/3e1713a11eac04e88863bdc25d301228
4902888254307,/_blob/e1b31ddb104dc204481a9f2d1c864b1c
4902888255076,/_blob/c84e39ca48508ac27c22c2f107049687
4902888255083,/_blob/fef5866412128f9f263a966657de48ee
4902888255335,/_blob/9791baeddbc8dde6525e0ea1b215c5d6
4902888255359,/_blob/ebce216c0a29f2272a831495aed8b5ec
4902888256219,/_blob/98ad483d30d997ab28086bf1cfe93f12
4902888256226,/_blob/33e8249d0dbba7376a595dc7ddddd1ff
4902888269226,/_blob/c567c687993f38976836323a6105d5a0
4902888273025,/_blob/3910d4a7dd7e6406f223f128bef766c6
4902888273414,/_blob/f29aa68b44857dc78665ae40190e93ad
4902888274237,/_blob/3c49b53be0203be23429368c83f297d3
4902888274541,/_blob/2cb646122b59955919fb6316f826d264
4902888274596,/_blob/8c43aff97e1bd044a72ede41f3dd41b4
4902888274688,/_blob/fb075ecb209272c63247b745951cf4cf
4902888274701,/_blob/71f58c867b5b10a71b24ceadee60f1f5
4902888274718,/_blob/8647c322169937db203bb2d6af0321dd
4902888275654,/_blob/37765f844fcf9c1b835fbeab3544c6af
4902888275661,/_blob/5ce41dcb9c1304ede7b0c8e1bcdadea9
4902888323324,/_blob/2bb52b4f807ee314627d3b977dacb26c
4902888341731,/_blob/b2d6892f593dc647f1124f642047cbdb
4902888346477,/_blob/9f7a36b68a931fbc6d00e6a37d5ea28c
4902888349249,/_blob/5913021bcc49700ed95a175978c3f5ed
4902888351747,/_blob/103d6015fa46f72f52a3a42c1a9826c2
4902888723957,/_blob/5618c0b836a3febf050eb65c409771ee
4902888724701,/_blob/da3915ea25ba2b3313650a33dd7d2d76
4903015101020,/_blob/5d1c8c4ad3318f635f9e1f8318cbf255
4903015127204,/_blob/c30f84d0035d5c5c359c8a617b173cd4
4903015127280,/_blob/2aa7c30de5ffc6f59692ad70dc7b984b
4903015153500,/_blob/8500b8ba33a8aab2e437fbc428373ded
4903015153524,/_blob/ffc32280d6e2b6c217ccbc74b1698159
4903015174567,/_blob/1c5b1a4a209029c34a37616cfb6b9c3a
4903015174581,/_blob/a13c52d91c2c775fcccdb1b37e8ca528
4903015188120,/_blob/27f81a44d4a381de2361ca503dabf35a
4903015188137,/_blob/1ed850913ef2a7e2c7d78a90c0f0571e
4903015500113,/_blob/a40f8c34a5e1a685a68483471211fc35
4903015500120,/_blob/645c9bb264e1a4ab40c59ea033c9213f
4903015500137,/_blob/035417729b8c15843ed496e9bc91ba6d
4903015500144,/_blob/2958819929d7f90c45326bddd54e6d05
4903015500151,/_blob/ccf3225a82951d68caa927554c926bb0
4903015500458,/_blob/7dce3e7999347f9c5671f381a18f70ae
4903015560353,/_blob/e554aa4b102f09102f6f9f19a0d229d9
4903015560360,/_blob/b51145811d4c1a627e832c8de2f398a0
4903015560513,/_blob/45514296ae41f8e568b0c4ad1845142b
4903015560544,/_blob/2c5ebc9a688fd6fbcef138428f9d09d1
4903032243406,/_blob/84862169832949e308739344403926fb
4903032243659,/_blob/88877017b0511dd4d2f838b2f59769d4
4903032243864,/_blob/a7712505927f8d1d2f7b9b8f3d9b3a76
4903032244212,/_blob/81179b3edfc34b307f65b512a38b4139
4903040180939,/_blob/879561f20093903ab522894891ce8f7a
4903040180960,/_blob/f1a0a6a400d028b7f6a5019acd167a1d
4903050156887,/_blob/414e46aa05d63b193ec59e4941ed5c0a
4903050509508,/_blob/05da3003a684ce8381fcb7cc48cd0dca
4903301186441,/_blob/18d3872e7cfc33c801d64fc42b8a13b5
4903301375364,/_blob/16c1ae639941637a0a85f18686c175d5
4903301519393,/_blob/dfbb22036ede55d4b08c4d6853a10abe
4903313130258,/_blob/dc47b74339f144ad23fead055c9b6903
4903326105014,/_blob/1b4f19f1321f80bfe9fcaf6abba994a3
4903333154616,/_blob/d9bf4e7553c978828a902f816e9d85f8
4903333203147,/_blob/cf50395b098409817bdc59df7e94d81c
4903333207237,/_blob/ce5b2d8ead69f8ca53ef2e1534d81353
4903333214587,/_blob/f6e8cc72ff1833b978a2214a60979982
4903333226122,/_blob/733a6f47953acc95f2692f18e4b18227
4903333226191,/_blob/716cf733074f615fbc7727ee30d6c381
4903333235568,/_blob/db9b94ab13b6633891a7b98e70603bdc
4903333236121,/_blob/5988d8af36a5e862fd0fcc51a6365a30
4903333241521,/_blob/aec8dbaf52c22905ac2c9864edc62c17
4903333248735,/_blob/ba3b6d3f978133fe81ef7a6ef371887a
4903333253920,/_blob/c7e326969f73f31a4e180f7612548261
4903333265862,/_blob/5045022b8103d49b55a18f8b372d8692
4903333270668,/_blob/21b6168aaccbe823575e72397cb8edd1
4903333272846,/_blob/50474116e8d34bfc73620fcfd949b415
4903333297665,/_blob/26a0d8096340b12170044f8ed6ed280f
4903333298464,/_blob/0276a413b87864c842a492f515711fc2
4903336272041,/_blob/9e0db9ede4ba7fb321530e28ed6335aa
4903336273048,/_blob/f218a03da7b8c62650b93e295e9c09b7
4903336310064,/_blob/22dfda3095ffe30e8676fb9a40a43424
4903399101562,/_blob/eb69acbd3dbe84773193b493886b6b41
4903399102170,/_blob/29894d552b0741f024964503c9a19491
4903399102194,/_blob/af782196f54c070564697baef6a833ae
4903850062722,/_blob/466e26592d1aadae59f7c781d80dc683
4903850066218,/_blob/1a07b67155f3ef695cafa3d0769a9128
4903939015335,/_blob/d1c05e270fd5e088d2d3ae70b1211b27
4903939015342,/_blob/0987632372e7de0226accee133b81d99
4903939016080,/_blob/2b2df1debcee4fd06bc86018586507d4
4903939020483,/_blob/860cbd9c9b0c79805b8a2810f29b4a5c
4903939020605,/_blob/f5a08d96385eebb5a593df2e9edc409e
4903939020674,/_blob/12677040fbd0a6b157308b37686ed1dd
4903939020698,/_blob/2fbc401a902370ddab92fe99264b8c14
4904053877960,/_blob/bca23b9d9f4ff4dedba0d54ec5a70ebc
4908011645158,/_blob/2b95237ea4175c64b7d006605f9887db
4908011709232,/_blob/06cfa526265d6b7ecdda2e2d00a7aa6e
4908011709256,/_blob/009ffe1c523baf659d711c10c7757b4e
4909411032531,/_blob/1ec566ee4c6e937bb05ec9896f01c076
4909411057121,/_blob/21e4049b23158e7ebf07bfbfd57cb764
4909411057145,/_blob/881d2f21c59578953704bb045d47996a
4909411057169,/_blob/b4081d06206de44819b4e1195174e1f6
4909411069100,/_blob/997498aec09540574e52d97d84d47820
4909411073114,/_blob/4ef1888cac00472ed638681549e6c474
4909411079543,/_blob/ec29ea842b8df7b88b56b94c3ad2581f
4909411084790,/_blob/ecfb958ca5c967d0f9b080d77f7386e9
4909411084875,/_blob/d8253d78c0a2bbf512dc23f72831f770
4909411084950,/_blob/4cddec928c9b6262449089da3451725a
4909411085650,/_blob/e72ebe7e3a2fefb8034b08471c13d878
4909411086275,/_blob/5ce770d2baa58afc02d621863928d2fd
4909411086299,/_blob/1160e4f851d08a39e8ee0512f7d85178
4909411086312,/_blob/e4cede4132d558f66e33e823ca0cfdb9
4909411087081,/_blob/bad3a6dcf5f630d9cb8d3784d93741d9
4909411087104,/_blob/75dfa03b042c899e1c1f5c30c6f44010
4909411087555,/_blob/136315066eb4238b5d00ede812d9c655
4909411088477,/_blob/dd6f393f8dde0bf5f4fa96d6c9d996b2
4909411089900,/_blob/da4285ac67a6a5c6e01f636fc77a3180
4909411091217,/_blob/a9d93b471db1cc8b8577461f3d2b5959
4909411091903,/_blob/f35ed0ecfa2970ebfa29b7db142e6205
4909411094317,/_blob/7da6cd8d6610141037f8727bdd43c586
4909411096472,/_blob/ca9806c3f01a758e6ae15a360f2e63c2
4909411096496,/_blob/14bf36466d345fb794f33b234102230d
4909411096519,/_blob/9524b55acf621c2a8e35b4ea3cec54a1
4909411097523,/_blob/27537ad31a96628de388891626ed5b3c
4909411097608,/_blob/e45100160d2cf6ca2a9235c4a7ceb0d5
4909411097721,/_blob/67d55404bf840fd012acf393e4a3fe73
49151947,/_blob/6af005cdf67834936730fab485601c4b
49212686,/_blob/11639ede0540809fc5a7f45cc250464d
49239423,/_blob/36b9642c5a4e2765cf001cb6aa813d01
4931159040585,/_blob/1143512e07e446353b2039b1f1e16e06
49335804,/_blob/ed28f84a371c3099843cd1f603b18218
49336085,/_blob/b0bcabb30661008b9e49ad7a8288ee81
49368307,/_blob/9f496f9bdcb6c9f107526be8b071be59
49386288,/_blob/0acadc42cd87957bf44aab3500fa0338
49386776,/_blob/224083bf662cafd8e842ae0ad178c549
49407884,/_blob/82d6a2f138fa322fd51bd210928bfdad
49410150,/_blob/d7f138c9a38b70fc9436cd06b06286dd
4941983013853,/_blob/0866667013fd8b9bdf15776921cd8d47
4941983016199,/_blob/af8eb05699df835cdbb5acc3cfaa6cd5
4941983019480,/_blob/233996bbbeb40a83fbbc86e50ebd0399
4941983021674,/_blob/3ed6a88a82ab2ed994ee4b49f9042f44
49431858,/_blob/6aa3b60014d832b42b52c9580474ceda
49431865,/_blob/c9c3959bb094da7c014a22875091cd47
49454314,/_blob/00814b89202cc0c0655391271d9f577f
4946842501908,/_blob/2a190430ce3b9219282064f4a2b37240
4946842506866,/_blob/12817e0d3f76415eea172b402e033ea1
4946842509539,/_blob/642213efd479d7d82a1083b402eb9da7
4946842520244,/_blob/75a16f0dfa554e2d604ef9ec2613903b
4946842523221,/_blob/828a8a4beb7b29c6581008fdda40972e
4946842523306,/_blob/f216371b170a9fc494629278ffc2dea9
4946842524143,/_blob/eae0eb4bf7bacb53c873e0cfbaa30c29
4946842526154,/_blob/482f48b914697c494c928e2f5a40d585
4946842526345,/_blob/11a13527cee6c7a4d93dbecb3c662fec
4946842527038,/_blob/f73555b71f2f5c52e3b29b72afa176b9
4946842527045,/_blob/0d0adf2a7b64faf3309a063318c803a6
4946842527663,/_blob/c289e33d1bae624be0a256c0300ad7a8
4946842527847,/_blob/042342d4cc60eca25c5dc645f2bc8859
4946842528325,/_blob/e80a6b5497749d97a8edd9c4d9be0b5d
4946842529209,/_blob/a280bb11490e8193104190dbdd5790b6
4946842529681,/_blob/bcf3a72f529edb2339bc15c9cbe3cc01
4946842529988,/_blob/4cccd05bfb0834870500aef50e083af8
4946842541539,/_blob/cda23a475c4cb121b5a24c13ebaf7282
4946842541553,/_blob/63f67865b258c4311d2a98f1a2cdb2b3
49536126,/_blob/882441aed827daf7c8f87e98da9c118b
49536225,/_blob/485ac19b83a5228b3ad8a2d1c226e82c
4953823477183,/_blob/3d8d7bbbb86873f317aa09fdf5362fd8
4953823588681,/_blob/f78c7d14255f3125669a3ebd56e060dd
4953823662909,/_blob/0489b7f109e95c5341bf1062450ae1cb
4953823856681,/_blob/caec6a890be2c7a247dbe0ef7e7db5c0
49538526,/_blob/c88d060518c014fdec0271bc91092477
4955129031731,/_blob/7fdc1933172981ead92c46797764a0e7
4955129032752,/_blob/c5c3dc1f02cbea2d10334fa1de893e5a
4955129032776,/_blob/7e93f581213a8fde2f8343b67c2af51f
4955129033995,/_blob/6bfb48587ac8766a8992213c2e992ed8
4955129035210,/_blob/dd964739284211041101cd2afde4774c
4955129035388,/_blob/51ce64588324c1285d77579a1d0e1751
4955129035654,/_blob/6322b4116abc8babdcdfa9980042b375
4955129035678,/_blob/04e54da1d7a4baa630be5ef316b36eeb
4955129036101,/_blob/1263a8d63256f0f282e30fc2b58b80ba
4955129036217,/_blob/260f82235b5a0452c57a040fcbd9e047
4956248015800,/_blob/0ce6c98876c4000b7ecdc82692b30e2d
4956248015817,/_blob/6b918cc5faf7a479f8a6221a16a897e5
4956248015831,/_blob/28b2037bcf72b0eb690f4389074760fc
4956248016456,/_blob/8c19fdc139fc2539493265a3c140b7ea
49577570,/_blob/9d3cbc73a2b5c1bf4c8e8f07ca49ca06
49600551,/_blob/1efe3c144035b562ca647023f33d0752
49645422,/_blob/fd78b0a9c7aaf90d3f46debda9f8a3bd
4964621201412,/_blob/2e755df167e6f749aa0a009fb666b3aa
49698169,/_blob/e4ebec6ef55e55c9ab5b55a6b1c75670
49698183,/_blob/d23ab951eb53e84201415cc83d57a1ce
49698190,/_blob/dc395cb0649335517118319e6513d509
49698541,/_blob/a2252367e35df3d6e252ed0391da0f5f
49698626,/_blob/6a1e2cccacb2b080a77bed4920347801
49698633,/_blob/9d701fdc4ebca2d246e0d62f0a36ef3e
49698640,/_blob/9d3faccca20d98063d07466eb4a41a33
4970020110750,/_blob/f4589e1edb9807f0db20758663aed594
4970020110767,/_blob/5aaeefd87b815a4fb81bc561200749a7
4970020170044,/_blob/084b7040cec0838074dda5a564b672d3
4970020170051,/_blob/5bca8b0241788ce946c4045cc7d7c321
4970088060097,/_blob/352c0333962a2c34c5878c8b71b5b631
4970088060103,/_blob/a6ae7ca8b2c761911b5c135c0510a415
4971666489651,/_blob/15cd07155146872b73be4f0b382f100b
4971666489682,/_blob/3b440b063c59e8c696b90d4d65d39b0c
49721119,/_blob/d71ae53c75511e3f1715e3ec0a52a158
4972208700036,/_blob/2b18e3e0332ff7d6588435cff1ee9e3d
4972208700043,/_blob/73e39f352b1f5d3b91058b77b83c3564
4972208700609,/_blob/9a6d9bad6daf9d6a3cb0a88a3977a2c7
4972208710219,/_blob/7ff9a415e8f57388be783d03fa63b6f5
4973360561619,/_blob/d77cfdd8b604ec2335e19bc44232cc65
4974704500431,/_blob/112765c49bc72ea049c5a3770a1b3e79
4976750647658,/_blob/8cb3bca9b0858fb8ac29d12706030952
4976750668516,/_blob/ad44081bdc487a69d9e7f64601949609
4976994151034,/_blob/769694d187163f9b71fb2e2b438b56fd
4976994151096,/_blob/110bb39a5a32e95ba7165fd583e990fc
4976994205010,/_blob/0161d02baefacef0209a74cd6d3217c5
4976994205027,/_blob/e14b46c0da56b23029d5dd5c02b8e5a9
4976994205034,/_blob/de3bc1cc3342094bfccc8905e00519b5
4976994206215,/_blob/58829eb6eca8986bcb0af5211f2ba36b
4976994206338,/_blob/fe25286101178794eb4d2013a7e1d68d
4976994207021,/_blob/c97717e5ae0baebb30b5c260fb7112db
4976994207151,/_blob/43eb80bfeda76b3294f75faa617c89cf
4976994207168,/_blob/c01bc891acbe5c792847c868f11b023b
4976994207175,/_blob/e9fe07193a4e30b115c38830a6868576
4976994207182,/_blob/525bff0a241631ec2025ac1f32b763ae
4976994720018,/_blob/496d69d66e5dfc5f18c3772e96dcc23a
4976994720278,/_blob/bf2c3bc3a03cbafd6679d1fdf23e4808
49770308,/_blob/b19a2e0c588ff4a841a6cdb1b939ad4c
49779646,/_blob/9622c3e1740ed1bd1281d02630bdb3a1
4978002001430,/_blob/0255de9ee89e0238efdf6ed0c588523d
4978041028153,/_blob/1ec330f1f1ee55677e640ffa54086404
4978041028160,/_blob/ea6c9953ff4108e71c8d6b4139324c02
49780741,/_blob/4183cfc56eafb67742b11e7ceaf9a2b9
49839814,/_blob/ab712e9ee1df60042e53b1713c1c1133
49839838,/_blob/6a837c74c2bcc63f51abee438ce222ae
49840131,/_blob/257a38c6ac8aa6d3858a80559d4204b3
4987028125105,/_blob/2699d1e896f0bbc36ce12e2a654accf1
4987028127703,/_blob/3d73095aa2f5da6217cc1328a3d79477
4987035032618,/_blob/a752d2df6669a3f5b9fefc3f2fbf1507
4987035089315,/_blob/0b90f8357569c91df9e549007758f9d8
4987035090014,/_blob/4f05ef77e777d128058f71191a9de35a
4987035090113,/_blob/3ece877ea9b7f7fb0fcbed02ab46686c
4987035092216,/_blob/792d3d531372c0d189eb282361da49bd
4987035092513,/_blob/d35bc9d80722b05e796735c7e1a9cee1
4987035092711,/_blob/420812a102a90584d4b256198afe6bb1
4987035140610,/_blob/24f1b84899c2fa3d9b52f3a5e5eb8f75
4987035140719,/_blob/b1e9102afab4fb9de5f62d070828817f
4987035149613,/_blob/c107b3234d10fc8255142c8287368c61
4987035332510,/_blob/94af0a745644a0d5f70af4b61b6fe02c
4987035337218,/_blob/a608cb08355fc0c55c10b6ae1060921c
4987035541219,/_blob/05ff6041a7c64d40541a2f4d58d50b4b
4987035555919,/_blob/5f4cdc081f64fa7c4f6f12f17a285eac
4987035649014,/_blob/b599af7f677599a55c4c8ef5f0275e8d
4987035693017,/_blob/40e117ec4b69932987339addd5476c99
4987035693116,/_blob/9577e70d3804bdcc7c6aa352b42cd8d2
4987176286307,/_blob/67d824c07df206fe84a613e727ef4877
4987240601456,/_blob/188e540a6bbe2a265c1f18827b1f64d9
4987240601753,/_blob/61abbc1e7c081f9e19986cc5727fc5ac
4987240601944,/_blob/9552ddcd88827106ef808024ec64dd7c
4987240618607,/_blob/da748a4c6b879a38324e97653ba76953
4987240618614,/_blob/641152bdf8ba4403e776b4c976236e2b
4987240618690,/_blob/7edb9331512efcae78275c3eef30102a
4987306003019,/_blob/615ad03e44949aed0a66b106e8d995cd
4987306008267,/_blob/1a490a05c4c7f92aed129b30e80373e3
4987306024755,/_blob/f9087d6a1cbe9d33216ef4e0d507030e
4987306055506,/_blob/b4245b3f9225e40f8f7f9d09b6ce19eb
4987306055544,/_blob/4bdf2fbc65532f188e90881650701b9d
4987306055568,/_blob/1e821fc1063caef9e8569f5c238fee39
4987316036144,/_blob/d640e614643c22ddd78275e73f74c031
4987335210914,/_blob/3edc301ead81034e1fc79cccf1ce6516
4987788511033,/_blob/72620ca0badf889d23ee152202d689f6
4987788511163,/_blob/0bb86cdc03bf1e40ff5bde19d7ce3e0c
4987788512030,/_blob/4ec07b5139f0655cc5b71aa5cae7b15f
4987788513525,/_blob/be7da0a4105a9df368d120c4d2fe4d31
4987788513532,/_blob/150a451d3b4b267d974815827a36865c
4987788513549,/_blob/4796b34245216e92f346a5c572576ee2
49878257,/_blob/e6f1a83d47d26812c0b62f7b3e208d3a
